<?xml version="1.0" encoding="UTF-8"?>

<!--
Licensed to the Apache Software Foundation (ASF) under one
or more contributor license agreements.  See the NOTICE file
distributed with this work for additional information
regarding copyright ownership.  The ASF licenses this file
to you under the Apache License, Version 2.0 (the
"License"); you may not use this file except in compliance
with the License.  You may obtain a copy of the License at

  http://www.apache.org/licenses/LICENSE-2.0

Unless required by applicable law or agreed to in writing,
software distributed under the License is distributed on an
"AS IS" BASIS, WITHOUT WARRANTIES OR CONDITIONS OF ANY
KIND, either express or implied.  See the License for the
specific language governing permissions and limitations
under the License.
-->

<project xmlns="http://maven.apache.org/DECORATION/1.0.0"
  xmlns:xsi="http://www.w3.org/2001/XMLSchema-instance"
  xsi:schemaLocation="http://maven.apache.org/DECORATION/1.0.0 http://maven.apache.org/xsd/decoration-1.0.0.xsd"
  name="Maven Deploy Plugin">
  <body>
    <menu name="Overview">
      <item name="Introduction" href="index.html"/>
      <item name="Goals" href="plugin-info.html"/>
      <item name="Usage" href="usage.html"/>
      <item name="FAQ" href="faq.html"/>
      <item name="Release Notes" href="jira-report.html"/>
    </menu>
    <menu name="Examples">
      <item name="Project Deployment" collapse="true" href="project-deployment.html">
        <item name="Deployment with FTP" href="examples/deploy-ftp.html" />
        <item name="Deployment with external SSH " href="examples/deploy-ssh-external.html"/>
      </item>

      <item name="File Deployment" collapse="true" href="file-deployment.html">
        <item name="Disable the generation of pom" href="examples/disabling-generic-pom.html"/>
        <item name="Deploy an artifact with a customed pom" href="examples/deploying-with-customed-pom.html"/>
        <item name="Deploy an artifact with classifier" href="examples/deploying-with-classifiers.html"/>
        <item name="Deploy an artifact with sources and javadoc" href="examples/deploying-sources-javadoc.html"/>
        <item name="Disable timestamps suffix in an artifact" href="examples/disabling-timestamps-suffix.html"/>
        <item name="Deploy an artifact in legacy layout" href="examples/deploying-in-legacy-layout.html"/>
      </item>
    </menu>
  </body>
</project>
